{"cameraMode":{"drawMode":0,"name":"Shaded","section":"Shading Mode"},"sceneLighting":true,"audioPlay":false,"sceneViewState":{"m_AlwaysRefresh":false,"showFog":true,"showSkybox":true,"showFlares":true,"showImageEffects":true,"showParticleSystems":true,"showVisualEffectGraphs":true,"m_FxEnabled":true},"in2DMode":false,"pivot":{"x":-1.827695369720459,"y":-1.719146728515625,"z":12.025774002075196},"rotation":{"x":0.31209254264831545,"y":0.004276032093912363,"z":-0.0014038606313988567,"w":0.9500411748886108},"size":26.196931838989259,"orthographic":true}